id,name,display_font,body_font,display_weight,body_weight,style_mood,pairs_with_style,cdn_url,fallback
modern-geometric,Modern Geometric,Plus Jakarta Sans,Inter,700,400,clean|modern|geometric,minimal-dashboard|saas-landing|portfolio,https://fonts.googleapis.com/css2?family=Plus+Jakarta+Sans:wght@700&family=Inter:wght@400&display=swap,"system-ui, sans-serif"
clean-sans,Clean Sans,DM Sans,Inter,600,400,clean|neutral|professional,admin-panel|dashboard|docs,https://fonts.googleapis.com/css2?family=DM+Sans:wght@600&family=Inter:wght@400&display=swap,"system-ui, sans-serif"
tech-geometric,Tech Geometric,Space Grotesk,IBM Plex Sans,600,400,techy|geometric|sharp,dev-tools|api-docs|saas,https://fonts.googleapis.com/css2?family=Space+Grotesk:wght@600&family=IBM+Plex+Sans:wght@400&display=swap,"system-ui, sans-serif"
friendly-round,Friendly Round,Nunito,Nunito Sans,700,400,friendly|round|approachable,education|kids|community,https://fonts.googleapis.com/css2?family=Nunito:wght@700&family=Nunito+Sans:wght@400&display=swap,"system-ui, sans-serif"
elegant-sans,Elegant Sans,Outfit,DM Sans,600,400,elegant|modern|refined,portfolio|agency|brand,https://fonts.googleapis.com/css2?family=Outfit:wght@600&family=DM+Sans:wght@400&display=swap,"system-ui, sans-serif"
sharp-clean,Sharp Clean,Manrope,Nunito Sans,700,400,sharp|clean|structured,fintech|corporate|analytics,https://fonts.googleapis.com/css2?family=Manrope:wght@700&family=Nunito+Sans:wght@400&display=swap,"system-ui, sans-serif"
minimal-swiss,Minimal Swiss,Geist,Inter,500,400,minimal|swiss|functional,minimal-dashboard|docs|utilities,https://fonts.googleapis.com/css2?family=Geist:wght@500&family=Inter:wght@400&display=swap,"system-ui, sans-serif"
soft-modern,Soft Modern,Poppins,Open Sans,600,400,soft|modern|welcoming,startup|marketing|blog,https://fonts.googleapis.com/css2?family=Poppins:wght@600&family=Open+Sans:wght@400&display=swap,"system-ui, sans-serif"
corporate-solid,Corporate Solid,Lexend,Source Sans 3,600,400,corporate|solid|trustworthy,enterprise|dashboard|crm,https://fonts.googleapis.com/css2?family=Lexend:wght@600&family=Source+Sans+3:wght@400&display=swap,"system-ui, sans-serif"
startup-fresh,Startup Fresh,Sora,Inter,600,400,fresh|startup|energetic,saas-landing|startup|product,https://fonts.googleapis.com/css2?family=Sora:wght@600&family=Inter:wght@400&display=swap,"system-ui, sans-serif"
playful-sans,Playful Sans,Quicksand,Karla,600,400,playful|light|casual,kids|creative|lifestyle,https://fonts.googleapis.com/css2?family=Quicksand:wght@600&family=Karla:wght@400&display=swap,"system-ui, sans-serif"
professional-neutral,Professional Neutral,Figtree,Lato,600,400,professional|neutral|balanced,corporate|saas|admin,https://fonts.googleapis.com/css2?family=Figtree:wght@600&family=Lato:wght@400&display=swap,"system-ui, sans-serif"
bold-impact,Bold Impact,Montserrat,Hind,700,400,bold|impact|strong,marketing|landing|sports,https://fonts.googleapis.com/css2?family=Montserrat:wght@700&family=Hind:wght@400&display=swap,"system-ui, sans-serif"
airy-light,Airy Light,Urbanist,Outfit,300,300,airy|light|spacious,portfolio|gallery|lifestyle,https://fonts.googleapis.com/css2?family=Urbanist:wght@300&family=Outfit:wght@300&display=swap,"system-ui, sans-serif"
premium-thin,Premium Thin,Tenor Sans,Lato,400,300,premium|thin|luxurious,fashion|luxury|beauty,https://fonts.googleapis.com/css2?family=Tenor+Sans&family=Lato:wght@300&display=swap,"system-ui, sans-serif"
humanist-warm,Humanist Warm,Merriweather Sans,Open Sans,700,400,humanist|warm|readable,blog|news|editorial,https://fonts.googleapis.com/css2?family=Merriweather+Sans:wght@700&family=Open+Sans:wght@400&display=swap,"system-ui, sans-serif"
neo-grotesque,Neo Grotesque,Albert Sans,Inter,600,400,neo-grotesque|clean|contemporary,saas|dashboard|admin,https://fonts.googleapis.com/css2?family=Albert+Sans:wght@600&family=Inter:wght@400&display=swap,"system-ui, sans-serif"
condensed-data,Condensed Data,Barlow Condensed,Barlow,600,400,condensed|data|dense,analytics|data-dashboard|finance,https://fonts.googleapis.com/css2?family=Barlow+Condensed:wght@600&family=Barlow:wght@400&display=swap,"system-ui, sans-serif"
wide-display,Wide Display,Unbounded,DM Sans,700,400,wide|display|bold,creative|brand|hero,https://fonts.googleapis.com/css2?family=Unbounded:wght@700&family=DM+Sans:wght@400&display=swap,"system-ui, sans-serif"
rounded-soft,Rounded Soft,Comfortaa,Nunito Sans,600,400,rounded|soft|gentle,wellness|kids|community,https://fonts.googleapis.com/css2?family=Comfortaa:wght@600&family=Nunito+Sans:wght@400&display=swap,"system-ui, sans-serif"
editorial-serif,Editorial Serif,Playfair Display,Source Sans 3,700,400,editorial|elegant|dramatic,magazine|editorial|luxury,https://fonts.googleapis.com/css2?family=Playfair+Display:wght@700&family=Source+Sans+3:wght@400&display=swap,"Georgia, serif"
luxury-classic,Luxury Classic,Cormorant Garamond,Lato,600,400,luxury|classic|refined,luxury|fashion|jewelry,https://fonts.googleapis.com/css2?family=Cormorant+Garamond:wght@600&family=Lato:wght@400&display=swap,"Georgia, serif"
magazine-editorial,Magazine Editorial,DM Serif Display,DM Sans,400,400,magazine|editorial|stylish,magazine|blog|lifestyle,https://fonts.googleapis.com/css2?family=DM+Serif+Display&family=DM+Sans:wght@400&display=swap,"Georgia, serif"
literary-elegant,Literary Elegant,Lora,Merriweather Sans,600,400,literary|elegant|readable,blog|publishing|literary,https://fonts.googleapis.com/css2?family=Lora:wght@600&family=Merriweather+Sans:wght@400&display=swap,"Georgia, serif"
modern-contrast,Modern Contrast,Fraunces,Inter,700,400,modern|contrast|expressive,brand|creative|editorial,https://fonts.googleapis.com/css2?family=Fraunces:wght@700&family=Inter:wght@400&display=swap,"Georgia, serif"
news-editorial,News Editorial,Libre Baskerville,Open Sans,700,400,news|editorial|authoritative,news|media|publishing,https://fonts.googleapis.com/css2?family=Libre+Baskerville:wght@700&family=Open+Sans:wght@400&display=swap,"Georgia, serif"
elegant-transition,Elegant Transition,Crimson Pro,Outfit,600,400,elegant|transitional|versatile,blog|portfolio|editorial,https://fonts.googleapis.com/css2?family=Crimson+Pro:wght@600&family=Outfit:wght@400&display=swap,"Georgia, serif"
classic-modern,Classic Modern,EB Garamond,Source Sans 3,600,400,classic|modern|timeless,academic|publishing|legal,https://fonts.googleapis.com/css2?family=EB+Garamond:wght@600&family=Source+Sans+3:wght@400&display=swap,"Georgia, serif"
refined-authority,Refined Authority,Noto Serif,Noto Sans,700,400,refined|authoritative|international,government|institution|enterprise,https://fonts.googleapis.com/css2?family=Noto+Serif:wght@700&family=Noto+Sans:wght@400&display=swap,"Georgia, serif"
bold-editorial,Bold Editorial,Abril Fatface,Poppins,400,400,bold|editorial|dramatic,magazine|creative|fashion,https://fonts.googleapis.com/css2?family=Abril+Fatface&family=Poppins:wght@400&display=swap,"Georgia, serif"
vintage-modern,Vintage Modern,Spectral,Karla,600,400,vintage|modern|warm,blog|editorial|lifestyle,https://fonts.googleapis.com/css2?family=Spectral:wght@600&family=Karla:wght@400&display=swap,"Georgia, serif"
academic-formal,Academic Formal,Bitter,Source Sans 3,600,400,academic|formal|structured,education|research|documentation,https://fonts.googleapis.com/css2?family=Bitter:wght@600&family=Source+Sans+3:wght@400&display=swap,"Georgia, serif"
heritage-clean,Heritage Clean,Vollkorn,DM Sans,600,400,heritage|clean|dignified,cultural|museum|nonprofit,https://fonts.googleapis.com/css2?family=Vollkorn:wght@600&family=DM+Sans:wght@400&display=swap,"Georgia, serif"
sophisticated-pair,Sophisticated Pair,Cormorant,Fira Sans,600,400,sophisticated|refined|graceful,luxury|gallery|design,https://fonts.googleapis.com/css2?family=Cormorant:wght@600&family=Fira+Sans:wght@400&display=swap,"Georgia, serif"
traditional-digital,Traditional Digital,PT Serif,PT Sans,700,400,traditional|digital|balanced,corporate|news|education,https://fonts.googleapis.com/css2?family=PT+Serif:wght@700&family=PT+Sans:wght@400&display=swap,"Georgia, serif"
tech-mono,Tech Mono,Space Mono,Space Grotesk,700,400,tech|mono|experimental,dev-portfolio|tech-blog|creative-dev,https://fonts.googleapis.com/css2?family=Space+Mono:wght@700&family=Space+Grotesk:wght@400&display=swap,"Courier New, monospace"
code-centric,Code Centric,JetBrains Mono,Inter,700,400,code|developer|precise,dev-tools|documentation|ide,https://fonts.googleapis.com/css2?family=JetBrains+Mono:wght@700&family=Inter:wght@400&display=swap,"Courier New, monospace"
terminal-style,Terminal Style,Fira Code,Fira Sans,600,400,terminal|hacker|technical,dev-blog|cli-tools|open-source,https://fonts.googleapis.com/css2?family=Fira+Code:wght@600&family=Fira+Sans:wght@400&display=swap,"Courier New, monospace"
hacker-minimal,Hacker Minimal,IBM Plex Mono,IBM Plex Sans,600,400,hacker|minimal|systematic,developer|enterprise-tech|docs,https://fonts.googleapis.com/css2?family=IBM+Plex+Mono:wght@600&family=IBM+Plex+Sans:wght@400&display=swap,"Courier New, monospace"
retro-terminal,Retro Terminal,Share Tech Mono,Share Tech,400,400,retro|terminal|nostalgic,retro-tech|gaming|cyberpunk,https://fonts.googleapis.com/css2?family=Share+Tech+Mono&family=Share+Tech&display=swap,"Courier New, monospace"
dev-tools,Dev Tools,Source Code Pro,Source Sans 3,600,400,dev|tools|readable,documentation|api-docs|dev-portal,https://fonts.googleapis.com/css2?family=Source+Code+Pro:wght@600&family=Source+Sans+3:wght@400&display=swap,"Courier New, monospace"
crypto-tech,Crypto Tech,Roboto Mono,Roboto,500,400,crypto|tech|data,fintech|crypto|blockchain,https://fonts.googleapis.com/css2?family=Roboto+Mono:wght@500&family=Roboto:wght@400&display=swap,"Courier New, monospace"
data-display,Data Display,Overpass Mono,Overpass,600,400,data|display|functional,analytics|monitoring|devops,https://fonts.googleapis.com/css2?family=Overpass+Mono:wght@600&family=Overpass:wght@400&display=swap,"Courier New, monospace"
brutalist-heavy,Brutalist Heavy,Anton,Roboto,400,400,brutalist|heavy|raw,brutalist|punk|experimental,https://fonts.googleapis.com/css2?family=Anton&family=Roboto:wght@400&display=swap,"system-ui, sans-serif"
retro-bold,Retro Bold,Bebas Neue,Open Sans,400,400,retro|bold|cinematic,poster|event|entertainment,https://fonts.googleapis.com/css2?family=Bebas+Neue&family=Open+Sans:wght@400&display=swap,"system-ui, sans-serif"
impact-display,Impact Display,Oswald,Lato,600,400,impact|display|condensed,sports|news|media,https://fonts.googleapis.com/css2?family=Oswald:wght@600&family=Lato:wght@400&display=swap,"system-ui, sans-serif"
art-deco,Art Deco,Poiret One,Raleway,400,400,art-deco|elegant|vintage,luxury|art|fashion,https://fonts.googleapis.com/css2?family=Poiret+One&family=Raleway:wght@400&display=swap,"system-ui, sans-serif"
futuristic-display,Futuristic Display,Orbitron,Exo 2,700,400,futuristic|sci-fi|tech,sci-fi|gaming|tech,https://fonts.googleapis.com/css2?family=Orbitron:wght@700&family=Exo+2:wght@400&display=swap,"system-ui, sans-serif"
playful-display,Playful Display,Fredoka,Nunito,600,400,playful|fun|bouncy,kids|education|casual,https://fonts.googleapis.com/css2?family=Fredoka:wght@600&family=Nunito:wght@400&display=swap,"system-ui, sans-serif"
punk-attitude,Punk Attitude,Rubik Mono One,Rubik,400,400,punk|bold|attitude,music|entertainment|streetwear,https://fonts.googleapis.com/css2?family=Rubik+Mono+One&family=Rubik:wght@400&display=swap,"system-ui, sans-serif"
gaming-bold,Gaming Bold,Teko,Barlow,600,400,gaming|bold|energetic,gaming|esports|entertainment,https://fonts.googleapis.com/css2?family=Teko:wght@600&family=Barlow:wght@400&display=swap,"system-ui, sans-serif"
cyberpunk-neon,Cyberpunk Neon,Press Start 2P,VT323,400,400,cyberpunk|pixel|retro,gaming|retro|pixel-art,https://fonts.googleapis.com/css2?family=Press+Start+2P&family=VT323&display=swap,"Courier New, monospace"
retro-pixel,Retro Pixel,Silkscreen,Inter,400,400,retro|pixel|nostalgic,indie-game|retro|creative,https://fonts.googleapis.com/css2?family=Silkscreen&family=Inter:wght@400&display=swap,"system-ui, sans-serif"
handwritten-casual,Handwritten Casual,Caveat,Inter,700,400,handwritten|casual|personal,blog|personal|creative,https://fonts.googleapis.com/css2?family=Caveat:wght@700&family=Inter:wght@400&display=swap,"system-ui, sans-serif"
creative-brush,Creative Brush,Satisfy,Lato,400,400,creative|brush|artistic,creative|portfolio|art,https://fonts.googleapis.com/css2?family=Satisfy&family=Lato:wght@400&display=swap,"system-ui, sans-serif"
kawaii-cute,Kawaii Cute,Baloo 2,Nunito,600,400,kawaii|cute|cheerful,kids|kawaii|casual,https://fonts.googleapis.com/css2?family=Baloo+2:wght@600&family=Nunito:wght@400&display=swap,"system-ui, sans-serif"
sci-fi-clean,Sci-Fi Clean,Rajdhani,Inter,600,400,sci-fi|clean|futuristic,tech|sci-fi|dashboard,https://fonts.googleapis.com/css2?family=Rajdhani:wght@600&family=Inter:wght@400&display=swap,"system-ui, sans-serif"
